{
  "project_info": {
    "project_number": "778546365830",
    "project_id": "car-parking-50b0b",
    "storage_bucket": "car-parking-50b0b.appspot.com"
  },
  "client": [
    {
      "client_info": {
        "mobilesdk_app_id": "1:778546365830:android:b1a36999954e1170989807",
        "android_client_info": {
          "package_name": "com.example.car_parking"
        }
      },
      "oauth_client": [],
      "api_key": [
        {
          "current_key": "AIzaSyCK1cO9-848k3V9pocvJbGx6PMMiQo5e64"
        }
      ],
      "services": {
        "appinvite_service": {
          "other_platform_oauth_client": []
        }
      }
    }
  ],
  "configuration_version": "1"
}